"Predictor","PC1","PC2","PC3","PC4","PC5","PC6","PC7","PC8","PC9","PC10","PC11","PC12","PC13","PC14","PC15","PC16","PC17","PC18","PC19","PC20","PC21","PC22","PC23","PC24","PC25","PC26","PC27","PC28","PC29","PC30","PC31","PC32","PC33","PC34","PC35","PC36","PC37","PC38","PC39","PC40","PC41","PC42","PC43","PC44","PC45","PC46","PC47","PC48","PC49","PC50","PC51","PC52","PC53","PC54","PC55","PC56","PC57","PC58","PC59"
"AtomicMassofX",0.0704362046608402,0.242333014627411,-0.142663361283778,0.00819614213851938,-0.108387603985947,-0.0108517682229112,0.0429765714951446,-0.0840887456831501,0.0461321436525277,-0.0293577275590568,0.0340730750919917,-0.00189742660297217,0.160444582937448,-0.265242684219841,0.0530953764122459,-0.0117757129051529,-0.254916818510131,0.280563531080969,-0.181545975583907,0.0971274327347653,0.208280346571042,-0.16926453766195,0.0810697689948459,0.0291727656162616,0.0580374090845635,-0.062171510544298,-0.0320412914478675,-0.025629845272688,-0.0631934593800972,0.0351786900637597,0.0110754361737302,0.0138458143776186,-0.0490161973047493,-0.0342656388785424,-0.00169508398349549,-0.00327090428164079,-0.00628480886338303,-0.00848586148130115,-0.00682433696018466,-0.00123550603022319,-0.00443538614467588,-0.0111926863502142,-0.00453983646701153,0.0935967543415824,0.279391964217223,0,0,0.648966458940447,0,0,0,0,0,0,0,0,0,0,0
"AtomicMassofXprime",0.0709933864875721,0.241911068482578,-0.142766825963439,0.00827402719179534,-0.108665142362441,-0.00966026135809321,0.0445305289475622,-0.0851279412010658,0.0462270490545782,-0.0292696914732943,0.0368409116715211,-0.00302747006179099,0.159597773009437,-0.26469750612734,0.0530075473826876,-0.0130710283014779,-0.253747533904536,0.278644912091934,-0.179849394027967,0.0981202312083146,0.214442194847504,-0.166108520106128,0.0834543874980639,0.0369078774212092,0.0630096846520704,-0.0656720143387222,-0.0348649552224611,-0.0354246647722614,-0.0685678097935744,0.0154300951978666,0.0160059062285102,-0.0339658023792151,-0.0139203895167915,-0.028758539067475,-0.00932291570341097,-0.00216915302204168,-0.00712154857624048,-0.00753802653415691,-0.0032396690254592,-0.0022458622967858,0.00162194219211961,-0.0114565535746795,-0.00365024901721909,0.0935131640672004,-0.290370818794829,0.0124364158404775,0.00443037159040739,-0.643564091832501,0.00690734654346453,0.00158893304907173,-0.00350708356016719,0.00368528782772385,-0.000503391366205304,-0.00369291351904604,-0.00496206125042665,-0.00700643138652733,-0.00052207149702821,-0.00319683513309009,-0.00161894927127641
"AtomicMassofB",-0.0674479021138072,0.10609145166311,-0.0312383426421678,0.0322236436058232,0.32705404855851,0.0669220722542351,0.0664390276468967,0.196747446787167,0.0524604863846625,-0.185859508664966,0.102006878327963,-0.0539546563365914,0.321746468781014,0.230416532348627,-0.110842239074051,0.064972505291403,-0.112565761443548,-0.140140155766459,-0.10829994113934,-0.198244504646459,-0.0952021407515637,-0.352455882711113,0.248677112383845,0.0561781489788614,-0.0116613216149925,0.0543648907814012,0.140783967411729,0.0539951552927108,0.14492701774188,-0.0104483657241542,0.228356441970347,-0.0441641798553273,-0.052225577788427,0.214684323843787,-0.020477293823598,0.0130808331038659,-0.0345009449821318,-0.14449981745101,-0.024875255893491,0.373658128509763,0.0897059228962016,0.0291752370601019,0.0240228944441871,-0.00524721618937322,2.63677968348475e-16,-9.49490052554181e-17,-4.02618476752492e-16,2.22044604925031e-16,3.03400425442912e-16,1.68312222883008e-16,-5.52875345331827e-17,7.90437593850557e-16,1.70788947220779e-16,-3.09695574306906e-16,1.35823427158122e-16,7.56773116394882e-17,1.66159912164034e-16,-1.54146443873127e-16,-1.38916791481494e-16
"AtomicMassofBprime",-0.0585143557080769,0.0699635393484647,0.138881688518576,0.115817206479993,0.198107161362199,0.273397712199724,0.12177933592462,-0.0296610515128564,-0.0629751659582918,0.0559781109590662,-0.301129537196806,0.155610742586793,0.046514339348528,0.075594686628106,-0.125774158928099,0.0709559410791801,-0.18183041689785,0.016415721504088,-0.084507888505868,0.056395736683111,-0.205168466709745,-0.0794970805565702,-0.0150722993676158,0.320857600794345,0.0811741706583763,-0.132087899969017,-0.260333582838841,-0.198730809145886,0.127515313826043,0.0749303446169637,-0.408163402357037,-0.00725739719145909,0.0321193756956991,0.106846231923956,0.0204793159591735,0.00163600301761332,0.106769781058993,0.307793774184719,-0.109708941409476,0.000263278994841243,-0.161418240657001,-0.0405562523861443,-0.0627167854463462,-0.0283108994609378,8.32667268468867e-17,6.92144502519379e-16,4.29006941191253e-16,-1.11022302462516e-16,3.15058986928921e-16,-7.8580940582676e-17,5.27879403058353e-17,-6.28227396319569e-17,-1.14241557057674e-16,-2.91379333855479e-17,2.62233777173406e-16,3.03996736637779e-16,-2.20492311170069e-16,1.07968748687664e-16,-1.35127166075479e-16
"AtomicMassofA",-0.0360090953826819,0.143346367655028,0.202448120615131,-0.262189551318323,-0.000153908493909616,-0.0338953140449415,-0.00338083602982014,-0.0341295417744049,-0.113292109383229,-0.0827514478404338,-0.0462222263706035,0.0716515301003979,0.168793331397126,0.0814804226597985,0.0830837833832923,0.0238574687402682,0.0931078646371529,0.139129369715824,-0.155460420278634,-0.120111118829343,-0.103337803859048,0.084995276196326,-0.154301576975751,-0.162494535687557,0.0514476477944136,-0.127660826313031,0.0910321207191537,0.0441962971303657,-0.162361893881924,0.0459590140581115,-0.0570890470661096,-0.015066309302668,0.0708271435234855,0.136218128105498,0.0749070662931258,-0.413922027494572,-0.0325203654127941,0.0573532129364448,0.0850603897669541,0.0436268660168578,-0.0342543922613023,-0.110200362507187,0.272702761725588,0.0181954468722294,0.067042369680843,0.0835315719839466,-0.0180038078424412,-0.0288629698697977,0.0724118121209929,-0.0349703665193954,-0.185526157373305,0.123705401272739,-0.247893974255057,-0.0173541862078835,0.105702032147866,0.223445429498564,-0.321707550556933,-0.00625400963515635,-0.058671250200221
"AtomicMassofAprime",-0.0358679224195439,0.14367822785548,0.199412049518085,-0.264115904172164,0.00095276541616629,-0.0351429157715591,-0.00361647068161031,-0.0298218572979321,-0.113997169143502,-0.0801040712509204,-0.0395052617021415,0.0694456413859662,0.171395823704805,0.084583473588887,0.0848044059929487,0.0185603633426543,0.0933889600688543,0.134779181008343,-0.164972438740818,-0.121723943009058,-0.0963785632992023,0.095140680940158,-0.154571060473458,-0.162506216742114,0.0455074944681373,-0.131610144111107,0.100316932685927,0.0501014323238623,-0.184621935364563,0.0252909188505801,-0.08418126720872,-0.000258342326653188,0.043044394712479,0.159997078862403,0.0853365235799398,0.213674513734977,-0.311546263642333,0.114706024951904,0.093930611476065,0.0240012341179258,0.0871690075305271,-0.0289748222676145,-0.283099201486413,0.0106383969992925,-0.0668011429657189,-0.0832310150851569,0.0179390279212327,0.0287591173442449,-0.072151265489703,0.0348445388274107,0.184858611376264,-0.123260293981125,0.247002021160424,0.0172917437054404,-0.105321703198901,-0.22264144528345,0.320550007110593,0.00623150693711886,0.0584601438054841
"ARENofX",0.0527632277903802,-0.28629493039888,0.0693538688205504,-0.0695587820440109,0.129073380790406,-0.0672104690671671,-0.0222928729372029,0.0296271519720992,0.00197773447186805,-0.0312818627052436,-0.0349848324619444,0.0320230513093591,0.0478741495450781,-0.0910324927418001,0.0127084139450648,-0.0101899912484161,-0.0714191546147689,0.117321745965832,-0.0865639578194926,0.0220102356617846,0.0466794335468253,-0.0906492873782344,0.0248259966208347,-0.0174902703498794,0.019622361046714,-0.0530297563937781,0.010152931043936,0.0349230722182032,-0.0500500563414238,0.121558503972496,-0.0160292492034115,0.178768342420227,-0.247958651418817,-0.0819315530032,0.0414451009222686,-0.0266294667959102,-0.040542026106857,-0.00452941365384715,0.0169586957607128,-0.017790690034733,-0.0181383798753394,0.102932077898615,0.0214148528838871,-0.539279717133663,0.444218261554379,0.166524329896123,0.140631745992909,-0.209075235630203,0.218557122126538,0.0464160625123249,-0.0109321943068481,-0.138116546670181,0.0609293092252018,0.0800697953171856,-0.0288343203738458,-0.110402016541893,-0.015639779902275,0.0893501324806393,0.11252353808175
"ARENofXprime",0.0572807919201688,-0.288062731698701,0.0681087161180937,-0.0680713343028566,0.12537156342981,-0.0549772191879387,-0.00726691189400808,0.0196160419354575,0.00270132030073424,-0.0299840603576675,-0.00811998849355344,0.0208153542990797,0.0386268594859517,-0.0838286565772102,0.0115320374343099,-0.0224840200428899,-0.0584710935964618,0.0965720757564534,-0.0686458788978766,0.0309578015961471,0.104632092248988,-0.0587039382057656,0.0471771338882873,0.0569390360673755,0.0669839576399582,-0.0858622465427003,-0.01698145064865,-0.0595073102626392,-0.10092114939891,-0.0697136437248552,0.0314941425006285,-0.282770029293093,0.0922607304510581,-0.0279742729552241,-0.0323170957838669,-0.0157345994744796,-0.0481132219861778,0.00466084960190431,0.0512479142012529,-0.0273001110977183,0.0402944956902263,0.0992992762311855,0.0297444023494529,-0.534463086822006,-0.357465935950931,-0.271291768286158,-0.178862662901434,0.16872642017983,-0.27815472487726,-0.0600824897984538,0.0400742333533797,0.109165083807118,-0.0574446145024604,-0.0504067410196534,0.0702157980116131,0.169611216061845,0.0201344671071101,-0.0638956344208598,-0.100384391420716
"ARENofB",-0.135600488419924,0.087961949667256,0.0233740549604966,0.107157615783013,0.159463164647656,-0.2299989449498,-0.133495506406832,-0.110086614071004,0.0157289444684681,-0.177886609684218,-0.0103157399924929,-0.207771261318138,-0.128654450360419,0.00250925699495577,0.21735291526388,-0.17077432258381,-0.15974050584123,0.149438367122167,0.160373897656644,0.232771618384995,-0.226109974426103,0.198603775905562,0.0166570999989505,-0.00409057090539305,0.0566270021173396,0.012626708827916,0.0236392205156393,-0.203937253730405,-0.010333336028612,-0.214319432870546,-0.249948303256057,-0.116820454014213,-0.360779251182451,0.25631195881191,-0.120122896023554,-0.0324246965967574,-0.0471425940288937,-0.226849677686467,0.0331252689592845,0.147821753381455,0.0832113688344802,0.0584608672849299,0.0244125077943332,0.0157678903741733,1.31145094783847e-15,-2.56739074444567e-16,-1.05818132034585e-16,3.33066907387547e-16,1.38777878078145e-16,7.41594285980085e-17,-2.0122792321331e-16,7.63278329429795e-17,2.74086309204336e-16,4.61870125478825e-16,2.60208521396521e-16,-3.92047505570758e-16,3.72965547335014e-16,-1.58727198051878e-16,-2.94902990916057e-17
"ARENofBprime",-0.0188773442356373,0.0292665141963002,-0.0785346800313664,-0.00356887880199608,0.204029626101795,-0.00341779490239222,-0.271534914528275,-0.198091793813787,-0.288245008881514,0.335598206244161,0.298505757719056,0.00394318667122963,0.0196426019320574,-0.0854386835619903,0.100277512404913,0.214691013629533,-0.188407768176676,0.0356165189619506,0.109805434368588,0.156739525924014,-0.339777606827697,-0.166491039809651,-0.166758375926381,-0.0328295362335564,-0.14577649904245,0.0188859449467814,0.0342797268449342,0.274093125453721,0.0104082010125616,0.201599747605806,0.131551281447038,-0.232658885792308,-0.0397847924822865,-0.0101218657928661,-0.0673006227924388,0.00769930708817369,0.0159179618236722,0.14846727586743,-0.0340403080532802,-0.0470069748681287,-0.0394585424695108,-0.00781869330992246,-0.0149436613557491,-0.00293885407606815,2.77555756156289e-16,1.66425033476525e-16,4.05301877129394e-16,-1.38777878078145e-17,-2.60262731505145e-16,2.5562776721777e-16,2.93601948309075e-16,-1.93313247354165e-16,-2.16840434497101e-16,-5.95226992694542e-17,1.9971004017183e-16,1.17527515497429e-16,-1.97107954957865e-16,4.04678460880215e-17,-4.67833237427495e-17
"ARENofA",-0.207608826158408,-0.0236791490035326,-0.111493024179235,-0.183637142912309,0.0166872569361371,-0.0415110625026257,0.139130689753442,-0.0470430218373096,-0.0570952171092743,0.00513824328958179,0.0245292084064238,0.0187353942269064,-0.0622933706854238,-0.0964596445596595,-0.0603133901703913,0.00431777710690413,-0.065473019825129,-0.102746804990276,0.0923974380621852,-0.059635663080772,0.0137065926519064,0.0175121194525818,0.0714185085667341,0.179904211537702,0.0833039769811307,0.266575682060711,-0.0428674620916545,-0.0817230374425305,-0.190781289519981,0.148293872477499,0.0119012524714309,0.0755724507891242,0.00748278172135096,0.0210268966220741,-0.242044167817561,-0.0505595031847181,-0.225883708506081,0.100898826067872,0.167001954159868,0.0330576688829016,-0.00542640792067663,-0.0173383457708349,0.00243337572085399,0.0165239464891434,-0.0326879492257703,-0.297126119846384,0.463125368190513,0.0140727617191998,0.0444289305497501,-0.00244512942194134,-0.243135517047497,-0.145249886766455,-0.13048138611569,0.0487112760015942,-0.126959274866384,0.0279789682924395,0.0572693431184991,0.040681987163886,-0.264531378760332
"ARENofAprime",-0.207599131218676,-0.023632428120269,-0.111255071212152,-0.183811766063038,0.016569545956972,-0.0414329901714973,0.138962152631587,-0.0472504546704295,-0.057265614916024,0.00492665667413451,0.0242569864456388,0.0190104188564236,-0.0623132325956627,-0.0966731853431708,-0.0603593833369941,0.00455425385325118,-0.0649777682807977,-0.102826613349178,0.0923471374556934,-0.0601187281689424,0.0138427144464976,0.0163542200451774,0.0713770793552057,0.181022440335268,0.0828746481024445,0.267575517235614,-0.0438211983221507,-0.08075172502363,-0.188647469255994,0.149495570255085,0.0165544574594264,0.0748489276210792,0.0103552985284439,0.0195268194533887,-0.244328223300728,-0.142814578407782,-0.184460654081096,0.0921667204151239,0.165968456095002,0.0322357466187946,0.00015144225166415,-0.0135988028493108,-0.00838251293946472,0.0166222226775854,0.0326834421969213,0.297085151965948,-0.463061512260511,-0.014070821360608,-0.0444228046692132,0.00244479228641877,0.243101993415185,0.145229859648013,0.130463395284631,-0.0487045596693781,0.126941769665577,-0.0279751105399526,-0.0572614467962151,-0.0406763779135556,0.264494905057172
"r_XIIofA",0.209288250791462,0.130010999982027,0.139792871255665,-0.0623656725952488,0.053150170747904,-0.0641812885772702,0.0443396058083325,0.0156884008665396,0.0382383253598977,0.0737543968114767,-0.0148727278335242,0.00596704616385582,0.0419139801539591,-0.0190200805705855,0.049406132487947,0.00161970605016766,-0.0422401229432301,0.066059067970772,-0.0072321029243097,-0.236581669936816,-0.0573605523275649,0.111376002836864,-0.0351159424975376,0.007073262971406,-0.0703120949228657,0.0782973664652819,-0.042852939146194,-0.0810221757529622,0.151666397978417,-0.0160108577017234,0.0606206897146964,-0.0292374968632096,-0.0115528544936858,-0.118969663636885,-0.224384293489705,-0.216309210129925,0.00960162377080179,-0.0252141792289917,-0.087928206337674,-0.0457109096953749,-0.190141773646457,0.381603764770511,0.220744124265212,0.0459751309725138,0.0339162383176341,-0.0801051727352255,-0.102784657635572,-0.0146015627030932,-0.040034982481433,0.00116460846751708,0.152890949445805,0.0332765804623389,-0.0442308165983024,-0.170949266035206,-0.0194677938883702,-0.37000364271834,0.140548212925054,0.341169014072305,-0.254830718756123
"r_XIIofAprime",0.209703369031786,0.130037393838476,0.137474196434662,-0.0631277769076438,0.0539208118345263,-0.0649848409671379,0.0441897926431667,0.0186320968733283,0.0380395808347954,0.0757595741377219,-0.0103321256903442,0.00438556243288184,0.0432950008928219,-0.0172031814695484,0.0504039509443422,-0.00193667234952062,-0.0421959919883917,0.062852521887502,-0.0132697727559003,-0.237745215286661,-0.0524613070057097,0.117815101614688,-0.0349729199189232,0.00774096145832609,-0.0746136471172505,0.0762780998059463,-0.0371180997391578,-0.0770020621361966,0.137805805316868,-0.0297311975103099,0.0437843493071164,-0.0194659938132434,-0.0296861783791084,-0.103825645500576,-0.218361040838872,0.183070365242043,-0.167416769047465,0.0109672141542457,-0.0825327553995587,-0.0592594267182805,-0.107277334844841,0.437792673716064,-0.155848099823472,0.0409262788393,-0.0338800909930216,0.0800197980643957,0.102675111572411,0.0145860006168157,0.0399923139079283,-0.00116336724848916,-0.152728000986475,-0.0332411148737095,0.0441836761792928,0.170767071342681,0.0194470454592964,0.369609299405367,-0.14039841913516,-0.340805402194583,0.254559124700606
"r_VIofBprime",0.0796636155606115,0.131943649579566,-0.150554101459159,-0.0444664512417005,0.145540750368499,0.0360467407130796,-0.0085349963706445,0.177875010425821,0.173698297384131,-0.017865251845217,-0.142092054917007,0.428266382029641,0.0125707800560518,-0.0822000731173763,0.0610001517456428,-0.465256379476798,0.161163689103619,0.0385314410720739,-0.0465729900918184,0.0731136553845928,-0.196036102110704,0.160564465750323,0.160263804828051,0.0362048364709335,0.0448668341071699,-0.00609850800136462,-0.11121400470462,0.344485236177543,0.071265155701044,0.136496559731523,0.0890550535998917,-0.173483450555481,-0.118078886764865,-0.0634657439923417,-0.183749212855064,-0.00180625944290085,-0.0383957679189782,-0.00989409899889651,-0.0604303535860581,-0.0953551533633594,0.122600438571558,-0.184174245662664,0.00679906884477442,-0.0125708379034762,-1.16226472890446e-16,2.53269627492614e-16,6.59194920871187e-16,1.70002900645727e-16,-4.61436444609831e-16,-5.36680075380325e-18,2.08166817117217e-17,-1.38777878078145e-17,-1.71737624121704e-16,-9.0205620750794e-17,1.35742111995185e-16,-2.4980018054066e-16,-2.25514051876985e-16,1.52655665885959e-16,9.71445146547012e-17
"r_VIofB",0.140278001743899,0.00984331956738655,-0.0140774738723598,-0.119168050460197,0.095508611191372,0.299151422065099,0.146105439725959,0.0717577637694035,0.122395494562183,-0.0830418062587986,0.25945405986029,0.0347897904897885,0.0880689840408558,-0.174125475478062,-0.0689919548456516,0.0163100453934813,0.0830197774710674,-0.0808011795862541,-0.0205280645544423,0.0260378774700482,-0.169753986764802,-0.0957205607100118,-0.328328662460175,-0.106073334476644,-0.104036308724138,0.028777631232611,0.134898220852451,-0.508993189564066,0.0348622062576187,-0.0117642807649259,-0.0123334264425497,-0.0511410989945327,-0.160225022413717,-0.159850156951908,-0.143034236612464,-0.00456606920339292,-0.031252564022014,-0.145260041724887,-0.0671626748295941,-0.186291521686339,0.126036484822998,-0.303824512453467,-0.0215746123724108,-0.0309832217052761,-4.52762827229947e-16,-9.71445146547012e-17,3.59087759527199e-16,1.17961196366423e-16,-4.72603726986431e-16,-7.85368948694187e-17,6.54858112181245e-17,-2.4269865631088e-16,-7.51352105532455e-17,-8.99887803162969e-17,-4.84963631752766e-16,-8.8037216405823e-17,1.27502175484295e-16,3.25260651745651e-16,1.81061762805079e-16
"rofX",0.0503400562998477,0.279096742455629,-0.141738272492635,0.0284367238775712,-0.105238880396096,0.0142084254954648,0.0366456988537205,-0.0790840489895608,0.0298379257351444,0.0280640944654463,0.0211353082598972,0.00126611490897728,0.0304635534618819,-0.070281954369452,0.0312333630134341,-0.0294830897663092,-0.0110802824381369,-0.0537911828645633,0.0813160460982483,0.00739523664873801,-0.0585951286359138,0.0931008379689209,-0.0442543070019912,-0.0563304069915802,-0.112279994807539,0.140999951856449,0.00662753481371836,-0.000550476820378469,0.142068479138155,-0.0923464719003504,-0.0262886423139483,0.11372230242259,0.260605483600627,0.193407368008944,-0.000910782021250988,0.00855573068944896,0.0210724075064657,0.0371401053147353,0.00120020169724941,0.0718405550576094,0.0175579862284364,-0.0513732183278472,-1.48481240466736e-05,-0.383995651240737,-0.0295642932013288,0.10972083138635,0.0703644767835944,0.018010596413768,0.154792433010788,0.473621163457386,0.323614115870883,0.0258156140232975,-0.119764947904745,-0.0742310088961746,-0.173131106505263,0.258003818552782,0.0619200028501615,0.0277380544015568,-0.111975571093878
"rofXprime",0.0491710249036432,0.279746760562981,-0.141427800206785,0.0282406831011964,-0.104596018109019,0.0117200959943399,0.0334182230409303,-0.0768886982731803,0.0296341404743549,0.0278185101768847,0.015418376823447,0.00359503176807147,0.0322911122992758,-0.0715099751019667,0.0314100735953536,-0.0267756960871317,-0.0136750800738933,-0.0495349385060662,0.0775545637202457,0.0054107769720609,-0.071064832201098,0.0863195597911047,-0.0490480769357183,-0.0721893879726017,-0.122332529532526,0.147969685865468,0.0124205919983328,0.0196455126884779,0.152903199331172,-0.0514256952957897,-0.0364173048597843,0.212242614109118,0.187753091452126,0.18173161116902,0.014831962205151,0.00626680645537147,0.0227635698548759,0.0351229219508471,-0.00620508025041229,0.0738195839148131,0.00502738714124277,-0.050762062978135,-0.00185432691289353,-0.383187991842503,-0.073406428340576,0.00570308060862448,-0.0292915361688426,0.0299061686340351,-0.0908221822945119,-0.459548341278968,-0.356683943602198,0.00839782396733238,0.115262096551051,0.0400177251936744,0.127267370865356,-0.323500564572758,-0.0668630101187932,-0.0574903465627328,0.0970932227316821
"IonizationPotentialofX",0.135827045844585,-0.232587278146837,-0.0109391673443712,-0.0945515866530496,0.13269084707456,-0.0990519857843416,-0.00392998048362934,-0.0205302055948492,0.0253041045313144,-0.00390351076178422,-0.0431903510693934,0.0605224086445848,0.0853100166497444,-0.173811513214119,0.0449464815936767,-0.0650695586704036,-0.0802538933854673,0.0552345775598528,0.00322590792318644,0.028815875144108,-0.0619458862753005,0.00145482751940307,-0.0457204836302989,-0.0971606465514715,-0.123084256746369,0.137374760049794,0.0340428901839243,0.0652383589677999,0.148442993831599,0.0776359890176071,-0.0652119869231355,0.481903006242268,-0.048684193203878,0.128843207205258,0.0732083729939092,0.00977275809309915,0.0506719861219837,0.0213563397103241,-0.040738366118473,0.0806103606325602,-0.060781654072368,-0.0730244496225486,-0.0254042165300601,0.184969468178715,0.158997211328612,-0.400404878407985,-0.0837302792788456,-0.0996061431020517,-0.358239809633406,0.0799116814678422,0.1014271368137,0.196918822496604,-0.0676798661582082,-0.0494785494131801,-0.0554716943802672,0.0648151006313216,-0.0513342538140961,-0.163615928813216,0.0374259124935397
"IonizationPotentialofXprime",0.140924296362457,-0.235659802316259,-0.011450989790451,-0.0917503632316601,0.126875686894934,-0.080148771128111,0.0181220568368464,-0.0345556622787087,0.0259491718320188,-0.00241592993469356,-0.00302108973957438,0.0432720150010799,0.0707814841261395,-0.161409892613058,0.0425824565411249,-0.0823284756761179,-0.0607011301176781,0.025291944298747,0.0283919244197101,0.0419563239864634,0.0261420225356453,0.047447267609407,-0.0112348230523107,0.0150217441410934,-0.0500718006493376,0.0851590328973332,-0.00676766962057102,-0.0758180682419571,0.0692467841839629,-0.206245379811727,0.00639516184297189,-0.21037901720373,0.454101606916072,0.20538107783564,-0.0371495313818184,0.0253588381704363,0.0378178559814784,0.0345582965638104,0.0112808631210223,0.0646991393291142,0.0269340724526834,-0.0753981070874769,-0.0121994234685347,0.179883377565776,0.240471253442103,-0.0436679355514964,-0.0755663265887397,-0.0858302842798143,0.114131012533064,-0.139094237112613,0.0240162674603657,-0.334399741811162,0.0872200534403403,0.184485062116973,0.236670574198727,0.188366691577163,0.0712476696614566,0.282740543044616,0.020656923044858
"IonizationPotentialofB",-0.107450391232751,0.0950331061413993,0.0057872222885275,0.116470629677906,0.168474872219276,-0.205106015058119,-0.0650532771978856,-0.217680928426386,0.0760965574799157,-0.165500827310266,-0.258336227640283,-0.158048466823247,-0.0421147824684828,-0.168915842670605,-0.0548975163670384,-0.173663339173896,0.226590566850769,-0.104487687530327,0.0139683317996129,-0.188259013869733,0.180100578983057,-0.293507375221774,-0.347915828401202,0.0112260052668768,-0.330433073583172,-0.0296810122232675,-0.228511062299475,0.0248169294533091,-0.00464930164882071,0.314846064842111,-0.0498823984679823,-0.157181874606699,0.0311121759815956,0.0435791510168548,0.0248305918564709,0.016326745098304,-0.0207590025644837,-0.143744589819993,0.0377876306676255,0.0331529790389389,-0.0309344356425925,-0.00111093339983388,-0.0118258789339199,0.00364446717126865,-2.32452945780892e-16,2.22044604925031e-16,2.85362011798185e-16,2.08166817117217e-17,1.81278603239576e-16,-9.0205620750794e-17,-1.96240593219876e-17,-4.85722573273506e-17,-1.87350135405495e-16,-1.04083408558608e-16,-4.16333634234434e-17,-6.80336863234654e-17,2.42861286636753e-17,2.70616862252382e-16,2.55004350968591e-16
"IonizationPotentialofBprime",-0.0474316216230113,0.0745750479348962,0.0405049539131131,0.102626170386356,0.252273440731287,0.055323661958433,-0.11971631730483,-0.311104773642712,-0.0738919902476364,0.216309469339115,-0.093764116621964,-0.0505858367212159,-0.00840361963089996,-0.388293918677742,-0.211406841750431,0.103086757125618,0.318602658459216,-0.140533036507147,-0.18118611601441,-0.0968437886360686,0.0289666213289804,0.137381119205948,0.418721664157487,-0.274772091872242,0.166052597988103,-0.023382753767543,0.122570560608323,-0.155788074408636,0.0402631866818416,-0.00974324577943519,0.00357845621349727,-0.0145237554844316,-0.0819671411194797,0.086342271025812,0.0172029196878743,0.000380212856074556,0.024227190188018,0.0640317615754293,-0.0296239280946203,-0.0322962462698048,0.0800478855386784,0.0290150479884963,0.0232983078323662,0.0143047129317354,3.98986399474666e-17,-7.28583859910259e-17,-2.09034178855205e-16,9.0205620750794e-17,0,-6.93889390390723e-18,-2.77555756156289e-16,1.09287578986539e-16,-1.31893194282862e-16,1.90426559069923e-16,-1.22298005056365e-16,-4.85722573273506e-17,1.50920942409982e-16,-3.98986399474666e-17,-3.41740524767431e-16
"IonizationPotentialofA",-0.23285148182663,-0.0528099274492635,-0.0757076129476827,-0.0982657813844771,0.0039024996681232,-0.0111501079488876,0.125082104040264,-0.0281798734501201,-0.0531712943858157,0.00231778024367368,-0.0141398121393613,-0.0122871796066512,-0.145349222158153,0.0792703074838406,-0.143099403409016,-0.0254103301703,-0.0493117485082044,0.0575910468104927,-0.0965499253779928,0.126853581808012,0.0667621317100913,-0.0517871739155978,0.00624867090948927,-0.192544964818218,-0.154665866120689,-0.285906174323518,0.0438176889663331,0.0562300853917455,0.188153161469971,-0.0873891918159155,-0.00568208276914828,0.0785317864916432,0.0661335116165557,0.0149388792644517,-0.308554425227014,0.099270307242997,-0.162267832835858,0.0194273215775544,-0.0965739568808993,-0.0276695023831322,0.0143482320506181,0.0379112308699933,-0.134133811950201,0.00127026359234511,0.145924911458653,0.206549937430087,-0.223767457595415,-0.0628233510052605,-0.126206874822863,-0.137951245361496,-0.0101465228370115,-0.19557536858868,-0.175840188557914,-0.0565125045100647,-0.142791666563033,0.0179685163049548,-0.0848403322800175,-0.167718938960505,-0.419970809759558
"IonizationPotentialofAprime",-0.233118552807386,-0.0527643022078956,-0.0740164694574599,-0.097802959166937,0.00340940679257689,-0.0106412865744259,0.125313645151306,-0.0302615068780363,-0.0530084386558143,0.000968880386365996,-0.0173690004205157,-0.0111931284042013,-0.146380873666045,0.0780250933765598,-0.143847009653649,-0.0229108661646146,-0.0494649184875862,0.0599719071219922,-0.0922850869924883,0.127632115760559,0.0632366449457461,-0.0561866095360344,0.00612945480270274,-0.193256652030358,-0.151673838247584,-0.284677447894301,0.039828821042014,0.0532032670251602,0.198004996769172,-0.077791463804698,0.00581168915439178,0.0716607581128894,0.0787597586460471,0.00422208655114001,-0.312914732012769,-0.174721639037978,-0.0410255150675863,-0.00534485884951306,-0.100416603201945,-0.0179346021760228,-0.0456983852581054,-0.00239583778130158,0.136417577819301,0.00490183741625327,-0.14584648279319,-0.206438925295271,0.223647191748429,0.062789586026204,0.126139043794799,0.137877102215104,0.0101410694964047,0.195470254835297,0.1757456816558,0.0564821313526221,0.142714921888422,-0.0179588589631064,0.0847947340749439,0.16762879689755,0.419745092643726
"PaulingENofX",0.0945492642643464,-0.268857177552284,0.0326598245013152,-0.0840869273856273,0.137185642860047,-0.0838890899044599,-0.0140879641268172,0.00656375200498379,0.01188082692262,-0.0125028943225537,-0.041049976007582,0.0481070542423313,0.059684589804729,-0.120247977958543,0.0272151990862182,-0.0422741922845783,-0.0616380142282947,0.0628408822562125,-0.0232892681880575,0.0207930984241195,-0.0297603472501951,-0.0276461677857322,-0.0219003688067998,-0.0621481922654492,-0.0647425287570331,0.0642150056244188,0.0252978632419199,0.0527476880619608,0.0724011236292106,0.0915208131170517,-0.0443779699090882,0.350812311854875,-0.122470743042877,0.0431528748481181,0.0590739730258516,0.00108392682157564,0.0256581240896025,0.00774601472542016,-0.0263071955139347,0.0411734526907012,-0.049384496050575,-0.0254079528263515,-0.0144868505667648,0.112807023301628,-0.566282187185267,0.360467798327062,-0.000175461596002827,0.233143852572572,0.277103646873825,-0.0516276473415981,-0.0569866062985643,-0.119511839050777,0.0118369111461526,-0.0171503238397423,0.059292085523622,0.053805020249914,0.0834424160349843,0.127611530687616,-0.151868080069914
"PaulingENofXprime",0.0995645083758341,-0.271038941786115,0.0315647156312394,-0.0819160961613185,0.132252364149985,-0.0681288424853428,0.00477354269780609,-0.00575441341316644,0.0126429173412478,-0.0111134814346938,-0.00702127397758758,0.0336880657152023,0.0477863552858519,-0.110619844847736,0.0254989713987442,-0.0572942556692702,-0.0453688394031953,0.0373490802181946,-0.00153608914067591,0.032078015813424,0.044465554240743,0.0118159191116098,0.00697876584114149,0.032460952745419,-0.00373252901098839,0.0210808162964492,-0.00918043152625407,-0.0667156164884077,0.00642334501046199,-0.149517654953827,0.0160331180954426,-0.234362088047634,0.305220516746645,0.10944842169889,-0.0343132096120441,0.0144441306271771,0.0151535639196526,0.019163246645297,0.0175926158965742,0.0283071594148022,0.0248386174728744,-0.0281751648302857,-0.00345990013295666,0.10967127586584,0.0113251071884759,0.266405006469858,0.225455678865654,0.0255993907403275,0.0698964355686029,0.133210123145251,-0.120473715141645,0.308726428396953,-0.0376141803023144,-0.170366950116824,-0.312509848300812,-0.4108921244098,-0.111262034183507,-0.292112634203894,0.0718640830183062
"PaulingENofB",-0.151221227557841,0.0891565628017513,0.0209362632292621,0.125955741816596,0.192091030524188,-0.231701399950583,-0.0859093324841751,-0.0554426509882206,0.0344968904067666,-0.166247989153342,0.0303023327056147,-0.0427675735324572,-0.00218626850000464,0.0983201212887235,0.13570591812616,-0.208733382661263,-0.155829390718816,-0.043990078199416,0.00588000647244881,0.0789848108235102,-0.119593680030933,0.113171646499754,0.0469310241214727,-0.0833782281770779,0.11347279209714,-0.105034008203469,0.116442521964111,-0.303092042147716,0.0245669479243968,0.255420476560244,0.188567839642358,0.130980319498992,0.326289509373892,-0.47075254682796,0.135571574886257,-0.00141166900719096,-0.00339453442130404,0.23094092170775,-0.114481179258934,0.115694934693375,0.0721941292924467,-0.0111707578577219,-0.0164495548815416,-0.00807310860253546,-1.41466699465909e-15,2.51534904016637e-16,-5.71157704465364e-16,-2.67147415300428e-16,-3.2612801348364e-16,-2.08166817117217e-17,-7.11236625150491e-17,-2.08166817117217e-17,-2.63677968348475e-16,-4.30211422042248e-16,-3.05311331771918e-16,1.66533453693773e-16,-1.37043154602168e-16,3.19189119579733e-16,-2.37657116208823e-16
"PaulingENofBprime",-0.066642845424157,0.00545423511809087,0.113573835324875,0.117053151784178,0.149474357991293,0.111562806911387,-0.0681012891416579,-0.232530802821489,-0.154138388098064,0.213801477073596,0.439305634428674,0.107524130888448,0.0984594609744598,0.185141262423614,-0.119876929983691,-0.461364731302233,0.0215413017107944,0.0205202295843772,-0.126881536201148,-0.0726454768654202,0.30137967842867,0.184541028411015,-0.0882872373210414,0.245482037883758,-0.119967882742358,-0.0484029470188318,-0.0713660642634328,-0.0606096589852227,-0.0945456413450464,-0.140044562894263,0.0802364970062725,0.134964332169475,-0.0717776977586524,0.0781634194726298,0.0414699577087978,-0.0114525945227533,-0.00130234490861704,-0.0300583853873152,-0.0163669754064219,0.0586620217153391,-0.124836303686027,-0.0492554892903878,-0.0175221195652201,-0.0160713231731592,-1.66533453693773e-16,-1.94289029309402e-16,-2.65846372693446e-16,1.38777878078145e-17,1.37476835471162e-16,-9.0205620750794e-17,5.55111512312578e-17,-1.52655665885959e-16,1.17961196366423e-16,3.46944695195361e-17,2.08166817117217e-17,2.77555756156289e-16,4.5102810375397e-17,-1.21430643318376e-16,0
"PaulingENofA",-0.192431154515092,-0.00280064772514111,-0.120425540024477,-0.218941013438322,0.0225831877135049,-0.0657340804334819,0.154139088881568,-0.0669394355968799,-0.0500578274462293,0.0127709164456227,0.0111612518207096,0.0451437302690442,-0.0173588633138011,-0.0533767684735671,0.0246632676791664,0.00142911179763511,-0.0473944420487689,-0.028248452846815,0.0485907003985243,-0.0949237590125833,-0.0203454467717083,0.0262920785528874,0.00476825614954232,0.0680811304958222,0.0416538978038791,0.04429761611216,-0.0148101944705522,0.0171608472017781,0.0299186731819219,-0.0554411067537662,-0.00212950234870114,-0.0721890057120678,-0.0305510865933084,0.0162593203506426,0.314603975542992,0.0437262212704367,-0.0795765430454584,-0.142948844438065,-0.42772396016832,-0.121764590475273,0.00242714321734515,0.0543461155951932,-0.0485752244172928,-0.0131366415115772,0.123200518624394,0.0711478378642089,0.0368990151936765,-0.0530400830687755,0.0341200967412028,-0.111416874453045,-0.164121828730344,0.152829468458267,-0.0817289577033165,-0.458866102434012,0.125548708532291,0.198832876599955,0.360109796314233,0.0188771276772045,0.0480977790394117
"PaulingENofAprime",-0.192602625827134,-0.00277353863188386,-0.119784841824697,-0.218846371797797,0.0223951432224247,-0.0655612224602807,0.154304041294493,-0.0678294796783729,-0.0500002493481151,0.0122253199319755,0.00983867874611259,0.0456163810926917,-0.0177651294691479,-0.0539350477504299,0.0243999909308471,0.00246580968506968,-0.0474954049168368,-0.0272842387970638,0.050417458830662,-0.094663149515361,-0.0218445936089467,0.0245364963454218,0.00472213211116451,0.067821857315113,0.0429757670785875,0.0448583302667749,-0.0164488469755328,0.0158578885764823,0.0339032367055056,-0.051509104820922,0.002459594727364,-0.0750765993556109,-0.0254492292793897,0.0118687030889596,0.313133538072005,-0.0664407036921725,-0.0308618999767407,-0.152979366447558,-0.429503708361552,-0.117743625593993,-0.0227911665472948,0.0374421552450895,0.0644492868984802,-0.0116374336552338,-0.123129587219025,-0.0711068752433901,-0.0368777709730041,0.0530095457977043,-0.0341004524536585,0.111352727357109,0.164027337310221,-0.152741478496036,0.0816819031138184,0.458601915092202,-0.125476425181224,-0.198718400658379,-0.359902466879036,-0.0188662593690955,-0.0480700872480083
"BoilingPtofA",-0.189149349106573,-0.0435626472315007,0.0428523430738518,-0.0700874587237575,-0.0905985624985247,0.116958624525808,-0.265879883327196,0.0556991161401953,0.13057293778697,0.0269121380480451,-0.0189306054288419,-0.0447681823997145,0.27460469363144,-0.111330933137377,0.251154833995719,0.0522444779479259,0.112081905834933,-0.101699768244154,0.141375154667823,0.0128117632689221,0.0453763490086199,0.0113697066413715,0.0548629563027218,0.1466374136005,-0.0214403487765489,-0.187417728088387,-0.00536685800499143,-0.0386422989823277,-0.0363681028584395,0.0259282916382518,-0.00153257633590592,0.0975655583297748,0.0638812190405241,0.0375721877768412,-0.179536158258697,-0.0918748914465468,0.0622218377535277,-0.0357921447917822,-0.156324916369369,-0.00469270850054267,-0.12340063459323,-0.034127201973971,0.362855022094839,-0.00158139419749953,-0.0237434295744064,0.0172752990397172,0.005815708704294,0.0102219819447643,-0.0978519259854841,-0.0677979981615799,0.0218704916564126,-0.316680019255675,0.251656682260855,-0.163082992657625,-0.264926958050571,0.104913342732793,0.10075933218291,-0.194386068677247,0.0945222260611287
"BoilingPtofAprime",-0.188654340806816,-0.0435053892079799,0.0398580969036657,-0.0721291300413413,-0.0900013244875906,0.116137629603583,-0.267296270195981,0.059808104058989,0.129316547748353,0.0291873587604893,-0.0123623795198734,-0.0461294637840075,0.276972929276242,-0.109184084251605,0.252685816066548,0.0472350995172018,0.114956869406798,-0.107859911111857,0.130431243184134,0.00867463556590633,0.0548594159358684,0.0163411559764113,0.0549220055318644,0.153670563176453,-0.0312567941232619,-0.18604127862114,-0.000219188474154808,-0.0261638599096477,-0.0496094925192929,0.00804609026916692,-0.00656048507572252,0.110979394299011,0.0472241032861109,0.0565220080186935,-0.180529236009495,0.121542109803209,-0.0291815256655684,-0.0185280347673207,-0.152309352230043,-0.0329297934168378,0.0529398259581032,0.0842795950129013,-0.359876263243169,-0.0100682793755669,0.0237374120511348,-0.01727092079631,-0.00581423477390134,-0.0102193912906195,0.0978271264408345,0.0677808154698177,-0.0218649488096179,0.31659976002523,-0.251592902513391,0.163041660983085,0.26485981509085,-0.104886753546108,-0.100733795786644,0.194336803566306,-0.0944982703940132
"BoilingPtofB",-0.125541956278606,0.0155109880745683,0.0631066679294402,0.156700060362218,-0.0119829845671224,-0.233779743198896,0.0713520673357548,0.271787882870752,-0.0357224117901008,0.125144621991667,0.162472067005924,0.319592442475105,0.148120416470942,-0.000272213892203142,-0.0247612258377989,0.223245815854406,-0.077737258383068,-0.0568751813107554,-0.0190103150041499,0.118169477704797,0.180374998198966,0.263616687530592,0.125315407587687,-0.101739060371358,-0.190855117294208,-0.00192531286375608,0.0486374896986918,-0.131436740347201,0.106810208574498,0.386837185892442,-0.252940421681932,-0.147982883161443,0.0653092149668472,0.0620789156876945,0.0624523014764607,-0.00280194257575819,-0.0384396075180013,-0.3201045106823,0.112933125448846,-0.00915368734622118,-0.133523286565158,-0.0194526838817817,-0.0460896833335418,-0.00350488660815484,-1.10241676898326e-15,-9.36750677027476e-17,-3.10515502199848e-16,-1.86482773667507e-17,1.54390389361936e-16,3.46944695195361e-18,1.37476835471162e-16,2.77555756156289e-17,-2.77555756156289e-17,4.85722573273506e-17,-2.22044604925031e-16,-2.91433543964104e-16,3.67761376907083e-16,-3.46944695195361e-18,4.30645102911242e-16
"BoilingPtofBprime",-0.0735200513261908,-0.0535105053144352,0.251500248582683,0.138329853682486,-0.109335277386601,0.0989660901364085,0.28868327615864,-0.036267412640131,0.00764949262209875,-0.109619752603307,-0.0757525305276695,-0.0349322315689456,0.0466081140528718,-0.0513585655746309,0.0626290161980768,-0.0248034000826015,-0.138466895155661,-0.00792996178655794,0.092762425663372,0.104413708229484,0.0728276578807454,0.180111632225695,-0.00617472291372372,0.0353678891211794,-0.211659977780266,-0.03017669744496,0.076981645996939,-0.0526566109872534,0.0438757251725668,0.221729884231975,0.412861482921798,-0.066989183383583,-0.158352241992614,0.361861465044204,0.0597571233934537,0.0363676379167035,0.090184848245468,0.275714085906062,-0.0145389321703995,-0.239414112910664,0.296297036073861,0.116043134929668,0.108189799280195,0.0280362048167787,3.83929541804273e-16,9.65126280760495e-17,3.14310209803548e-16,2.68780494822735e-17,3.14391524966484e-16,1.16009632455949e-16,-2.68773718559157e-16,1.79652299980848e-16,-2.93114057331456e-16,-9.4542429440736e-17,2.10335221462188e-16,-4.58617518961368e-17,-1.58944038486375e-16,-1.53631447841196e-16,-7.37013531801334e-16
"CoefficientofLinearThermalExpansionatSpecofA",0.229984022865269,0.0521572875103107,-0.0896079699420014,-0.0148161500393691,0.0474319777071578,-0.114084624109948,0.109125627193522,-0.000342527068561985,-0.0375103429055407,0.00555121698982381,0.0463000042877772,0.0401464922545896,-0.0885864733086424,-0.091568530028291,0.0595224194597923,0.0082106772518954,-0.081338187483902,-0.198529323526999,0.215579185631315,-0.1664153260645,0.00192887012514701,-0.0100491515631283,0.121463968487634,0.111241847875901,-0.128010237403482,-0.390681270279098,0.0789613569406962,0.00272768670298914,-0.0536493626086362,-0.0711931165915761,-0.0563739299876962,0.023393163254105,-0.070868880211749,-0.00202388217469034,0.0785921160093482,-0.058426173586691,-0.108063518684193,0.084324242252545,0.0997461871361311,0.0113257043180532,0.00781163821341964,-0.0709243706835096,-0.0438603800896643,0.0142661177896151,-0.000525756014577017,-0.0793346480582902,0.197929181237063,0.000226347607935727,0.112687307438355,-0.0518856386142558,0.267138618185226,-0.0783138531622248,0.183356302159311,-0.276891426388559,0.349228735605167,-0.0618545990190514,-0.252607890460844,-0.197808275115804,-0.146602089591441
"CoefficientofLinearThermalExpansionatSpecofAprime",0.230020456714809,0.0521715969412838,-0.0893602231350174,-0.014640488975906,0.0473898499077646,-0.114047009743667,0.109284513244863,-0.000721785365889062,-0.0374105005622967,0.00534070948621951,0.0457097336878722,0.0402915088152954,-0.0888295141399987,-0.0918061341375432,0.0594094454262269,0.008678477988161,-0.081615651448019,-0.198044009785212,0.21666039310354,-0.166110571849962,0.00106768800993913,-0.010535916944858,0.121503486839327,0.110671352704215,-0.127172385536636,-0.390931677309671,0.0784963690662183,0.00161252582707028,-0.0524061279758116,-0.0695555614863374,-0.0558186452699751,0.0221602275274919,-0.0692997823885536,-0.00379266387184937,0.0786512123095622,-0.0802638396883064,-0.0987105892505762,0.0825577458176461,0.0993860836405889,0.0138886008538335,-0.00815764093040357,-0.0816743597047973,0.0218846619573797,0.0150490829449119,0.000525561605742339,0.0793053124805058,-0.197855992951312,-0.000226263911366389,-0.11264563904562,0.0518664528584134,-0.267039838321637,0.0782848950438329,-0.183288502487971,0.276789040228469,-0.349099601273715,0.0618317270400958,0.252514483625357,0.197735131537517,0.146547880527586
"CoefficientofLinearThermalExpansionatSpecofB",0.164288982562257,-0.0613425028010084,-0.0437420037252842,-0.155290894996291,-0.00505931911422177,0.25438329515152,0.0541889865136072,-0.114569042944949,0.0148473503810334,-0.00053725301866512,0.0844514523701948,-0.143768496250282,-0.0254033838216782,-0.0203069855179657,0.0657095275104945,-0.0366399276578018,-0.17888577727907,-0.282502927811898,0.0379559336315627,0.0480862104812251,0.158078556444615,0.199891927241014,-0.207864485954621,-0.176165848563995,0.46974987831166,-0.187081933472904,-0.263189367578568,0.0943884058196371,0.236497746674131,0.282917539514366,0.0381578156256183,-0.0589965078092865,-0.0176365242734973,0.0880092202210314,-0.00421929337815921,-0.0021251706125309,-0.0483396591278612,-0.152107041592634,0.0444861441097387,0.242717192717207,0.016126654500425,0.0581344155516057,-0.00745154861221627,0.00626552101123318,-6.23633089613662e-16,-9.48812426196377e-17,1.66533453693773e-16,1.07336015076065e-16,2.54136989230602e-16,6.24500451351651e-17,-2.08166817117217e-16,1.04083408558608e-17,-1.14491749414469e-16,-6.24500451351651e-17,-1.04083408558608e-16,-7.28583859910259e-17,2.81025203108243e-16,-2.08166817117217e-17,4.0766001685455e-17
"CoefficientofLinearThermalExpansionatSpecofBprime",0.0739344160654127,0.0821491478700299,-0.197945393490211,-0.13352001938782,0.131261544498953,-0.0706648322227545,-0.220764190526412,-0.0248734661849646,0.140760103929822,-0.0194792344398422,-0.251711908809243,0.00568988550238912,0.0799818710665382,0.0735825012382252,-0.320524771682444,0.103477456804738,-0.0687646088192071,-0.0187747969957783,0.0513160069263788,0.110135807937042,0.266115123120563,0.237493490122741,-0.289461240029668,0.244310334835335,0.0716403807744253,0.0247775497229575,0.539815134126391,0.0594436910141386,0.0917777206679927,0.0144373420797278,0.0124850072044744,-0.0981993066500682,-0.121110740953198,-0.00717915983860196,-0.0254043551062937,-0.00329848643718666,0.0340093404196563,0.126326833406153,-0.0459760828602917,0.0270165736315158,-0.0701446413546679,-0.0128792120359852,-0.0159184225647889,-0.00570354514023539,-6.12357387019813e-16,2.58853268680914e-17,-2.22044604925031e-16,-4.32596666821716e-17,-1.91686944095437e-16,-1.2490009027033e-16,3.46944695195361e-16,-1.04083408558608e-16,-1.31838984174237e-16,6.93889390390723e-18,-4.16333634234434e-17,-1.38777878078145e-17,8.67361737988404e-17,0,0
"DensityatSpecofA",-0.176531328351489,0.0498954703141313,0.00105828982683661,-0.282347168252793,0.0193448482191281,-0.0493879015215696,0.0928973920028605,-0.0648592327749262,-0.0732864365984472,-0.00232607597182232,-0.013273947008283,0.0338293804201308,0.0900249156748848,-0.0326448618690262,0.08267380625641,0.0128651851892683,0.0486045692776968,0.00836578261014253,0.0223019681363497,-0.0219584783176965,0.0110898037943589,0.0381513376531207,0.0224241924246967,0.0456471648798063,-0.0598724103204885,-0.0233912498845613,-0.0592962500990218,-0.0244111981379889,0.206153825179862,-0.100355443402767,0.0383079358243488,-0.0516416678280616,-0.101425473478745,-0.17312111648609,0.0465091699180252,0.0413051652330282,0.394020367308668,0.00765687183754124,0.296679043935931,0.0609322094552371,-0.0185687224822809,-0.0125849348622121,0.0791616938230491,-0.00999065430061944,-0.00575609905616754,-0.0155513637296086,-0.0470212401077155,0.00247810622471468,0.0504808688407994,0.135987854018363,0.00527845030807607,-0.154200295543299,-0.269811769202704,0.161780498489557,0.271952758453097,-0.172824808771724,0.310743031559748,-0.360722667470893,0.0269295006252989
"DensityatSpecofAprime",-0.176456702808592,0.0498168968788521,-0.000170259651789938,-0.282563582927172,0.0197235511162682,-0.0497555548161947,0.0929026197334755,-0.0634505582679849,-0.0733043871206509,-0.00135937032527449,-0.0111050406534783,0.03298017137937,0.0906198213951734,-0.0317225084026788,0.0831090157826868,0.0111606150600296,0.0483790897506675,0.00694333301152455,0.0196541362704378,-0.0221149703327886,0.0132235578459209,0.0415618941967776,0.0225299049089774,0.0453688265409119,-0.0615178454642059,-0.0248258224137151,-0.0562309926701685,-0.023096677461435,0.198787282313561,-0.107054316806116,0.0283740124516767,-0.0469008889819803,-0.110967350503843,-0.165543652974243,0.0504613591384258,0.266901341040164,0.2937526098773,0.0282994590846071,0.299652622528284,0.0553605224495401,0.0154397016664114,0.0102547814054431,-0.0826586211503956,-0.0123054126560232,0.00575640358587525,0.0155521864833932,0.04702372779329,-0.00247823733034013,-0.0504835395600078,-0.135995048533477,-0.0052787295675051,0.154208453598038,0.269826043748512,-0.161789057579264,-0.271967146269165,0.172833952166976,-0.310759471597377,0.360741751709716,-0.0269309253459146
"DensityatSpecofB",-0.121907313055136,0.0963784862384769,0.0213146718569098,0.14534319042858,0.263752215662574,-0.160580144863396,0.0304369678714214,0.0645556218569693,0.0749074088630349,-0.141365635761446,0.0597149671344792,0.0131106686606699,0.226070519122818,0.0322766142331877,0.0526639527329285,-0.000750632947048472,-0.203705427168857,-0.322782125840068,0.035730815811553,-0.0110004316942908,0.145749138230828,-0.0611174787172826,-0.11167775822904,-0.272764750525924,0.215159697282882,0.0842997294243444,-0.0976835208695351,0.171365921013556,-0.0629296299130887,-0.26386494013183,-0.068015793076266,0.0572192447688595,-0.021878145335445,0.0251597610036949,-0.0633647849423505,-0.00162367863531059,0.0569040889767658,0.128408629290572,0.0977527983267395,-0.524081628915392,-0.163840089052681,-0.0254798917060644,-0.0164193286473016,-0.00264904229862184,6.95840954301197e-16,8.98532550447362e-18,2.94902990916057e-16,-1.54932490448179e-16,-2.26815094483968e-16,-2.7148422399037e-16,5.79397640976254e-16,1.73472347597681e-17,2.81025203108243e-16,-2.04697370165263e-16,-5.89805981832114e-17,4.16333634234434e-17,-1.66533453693773e-16,-2.60208521396521e-17,5.94142790522056e-17
"DensityatSpecofBprime",-0.0738328246565171,0.0257215316847981,0.216644796897315,0.16488769777134,0.115144683915637,0.190581375714184,0.151094504856613,-0.187124485106489,-0.0428135376038973,0.0287892219138116,-0.201072409654626,0.0571884193324495,0.138675267477238,-0.159904845650467,-0.113105561211189,0.0901457162381337,-0.169534544952435,-0.0616058012636348,0.0415192712595,0.108755813132355,-0.135761017356177,0.128948466261262,-0.103367447932465,0.15452735908213,-0.0634256899389381,-0.0423177815593942,0.0830798820680168,0.266768375585992,-0.129472857862344,-0.164753997546989,-0.00119923004915862,0.163730827277889,0.184036719323988,-0.28591719475829,0.0151785271336412,0.000897470537932051,-0.121792412500862,-0.434975145475374,0.142977923595389,0.00521339521314276,0.270500093651808,0.0932529487220408,0.0842177388167027,0.0251745442496277,-2.75821032680312e-16,-2.66442683888313e-16,-3.05311331771918e-16,1.52221985016965e-16,2.0643209364124e-16,2.28983498828939e-16,-7.7715611723761e-16,2.63677968348475e-16,1.59594559789866e-16,2.63677968348475e-16,-2.77555756156289e-16,-3.05311331771918e-16,-8.32667268468867e-17,-4.16333634234434e-17,3.81639164714898e-17
"EnthalpyofFusionofA",-0.102687416575575,-0.132121243116391,-0.24421109266088,0.169679024152175,-0.0382642921443416,0.0841196122978936,-0.0165071229012939,-0.00465932444636367,-0.0582864713188539,-0.0935130112996513,-0.0137429156060575,0.0772998554668889,-0.0260314331056231,-0.0429559452567056,0.00268907476812515,0.00917379631530341,-0.147604317736389,0.105310487928027,-0.0513991489249055,-0.386153285508162,-0.0993560387027932,0.152856890819096,-0.0899680450602906,-0.0869140141399124,0.0306941057884809,-0.0825502407799219,0.07531970572611,-0.00393337678217235,-0.155635439379645,0.0483734589956593,-0.0301716846270087,-0.00507170538066742,0.0131245350244381,0.0521228671811333,-0.106805822281505,0.374587525990564,0.106329599310536,-0.0222406460778288,-0.00741176198337197,0.0221843298481675,-0.0500750552804438,-0.0199695278619002,0.142152715492392,-0.0085122049914143,-0.0544347549796498,-0.182275878769497,-0.123093381802389,0.0234351604862268,0.244917295307091,-0.113549087067475,0.0975596093343077,-0.125983650717143,-0.343746309940127,-0.155458060675934,-0.10128611544014,-0.0850873538544634,-0.143977578418415,0.0482578628998662,0.236988551617813
"EnthalpyofFusionofAprime",-0.102653022330192,-0.132254596527871,-0.244305513280334,0.168732336192471,-0.0390124015706189,0.0847304326325181,-0.0181892819450357,-0.00481273937168674,-0.0599381945112969,-0.0945921312884806,-0.0137037619265136,0.0789800638641236,-0.0255363175717434,-0.0437987244096334,0.00287534487818531,0.00930503487376063,-0.144009180761104,0.103491309953012,-0.0551716093548728,-0.391873024638377,-0.0961009559231405,0.147231357272542,-0.0906193428988551,-0.0780316266414609,0.0250781674361342,-0.0761170845347121,0.0708588594705868,0.00610998800662525,-0.145843133619417,0.0511375307508195,-0.00119640731271647,-0.00604120448299418,0.0272076207854316,0.0479164288107578,-0.122244147765628,-0.168003124572463,0.352456589749482,-0.0747497367204723,-0.0132035205022678,0.00868370842375813,0.0373087630724377,0.0387263125855266,-0.137116756225518,-0.0103642136738666,0.0542372012077741,0.181614365966018,0.122646653202667,-0.0233501099638104,-0.244028445242382,0.113136996474767,-0.0972055475071875,0.125526432798123,0.342498791142198,0.154893874683605,0.100918529434627,0.0847785561442627,0.143455057214948,-0.0480827262093056,-0.23612847642722
"EnthalpyofFusionofB",-0.0315497889298153,-0.0597676082188682,0.0082320243841778,0.108969913945068,-0.29312123127557,-0.251978334916012,-0.0314773326685295,-0.0806057754215653,-0.124027118993752,0.223768872958937,-0.194054470387211,0.224028353411731,0.0698934724235428,-0.00352949578620177,-0.0441533010749219,-0.17983236460377,0.00417603727199828,-0.0885443965736651,-0.0258893261605306,0.0043074841748758,-0.233261351429252,-0.273527745391135,-0.129739752741507,0.100536588875906,0.321312935049185,-0.125235690260289,0.151601272140053,-0.227334587940301,0.171902919012016,-0.0204414979698676,0.290377548610331,0.0603762094299924,0.00177912532318446,0.176802541590011,-0.00383908512032993,0.00468118219828853,-0.0548720191124299,-0.225030729695961,0.165358955840289,-0.133048603956337,-0.161882486323507,0.012955062464048,-0.0380742317798058,-0.00678447600829946,1.196959198424e-16,-3.62665626696401e-16,-1.11022302462516e-16,5.26922255827955e-17,2.94902990916057e-17,-9.0205620750794e-17,9.71445146547012e-17,-9.71445146547012e-17,1.31838984174237e-16,-1.80411241501588e-16,-2.4980018054066e-16,-1.38777878078145e-17,1.80411241501588e-16,-2.08166817117217e-16,3.12250225675825e-16
"EnthalpyofFusionofBprime",-0.00887041561026209,-0.117899548212598,0.104023454996476,0.0638981792038158,-0.278250466778909,-0.157893323901398,0.124487759841728,-0.0951625952498165,0.0175312143173026,-0.114241434199002,0.320784186201838,-0.229311245389749,0.166372760695527,-0.107342460781936,-0.113778759486227,-0.209442947824891,0.0768000835584162,-0.10103539179477,-0.148454533468222,-0.0812191165735211,-0.158701134798747,-0.0621206147633353,0.0308561840131992,0.188226692581891,0.11448554734318,0.0131515378467756,0.256773002766459,0.230629223461466,0.224170627510299,0.138112366865382,-0.432238857610141,-0.0868616781119145,0.0367790956128798,-0.0594553148830609,-0.0702277921403125,0.00785267147849312,0.0463084725779637,0.125908664387614,-0.0265859153357869,-0.0888480187293405,0.166711398920815,0.073772064604168,0.0574384372999739,0.00804912977546661,7.97972798949331e-17,3.33337957930668e-16,1.38777878078145e-16,-5.89805981832114e-17,-3.20923843055709e-16,1.45716771982052e-16,6.93889390390723e-17,1.66533453693773e-16,-2.08166817117217e-17,5.55111512312578e-17,-5.55111512312578e-17,-3.05311331771918e-16,-5.55111512312578e-17,2.77555756156289e-17,0
"MeltingPtofA",-0.207038027960336,-0.0641753912030578,0.0425407299228174,0.0407934418406866,-0.0761273541318065,0.123612423229923,-0.193352138944869,0.0871155039048608,0.218173348919678,0.102263181296873,-0.000946854486016737,-0.0154820847968253,-0.0469447230910686,-0.106857950487159,-0.0321730789784108,-0.0479859558279882,-0.182341939068862,0.064703560904183,-0.00475139564303646,-0.199082992950768,-0.0136672119713139,0.0224845806111519,-0.021066637709352,-0.050932157847392,-0.0674850345588205,0.0383187191525905,-0.0283593858464381,0.00426101059724993,0.227086931123142,-0.0957237526389548,-0.00152998806902316,-0.0729922153937851,-0.0519350981969925,-0.0488450310089594,0.185216168653822,-0.0760938583518205,-0.262391454840177,0.105093575776248,0.165204721498612,0.00275369927989522,0.0324773538295444,-0.0542304121017158,-0.0331064118492376,0.0149823265655488,0.00693725752072961,-0.177660610061027,-0.297164621360681,-0.00298661660906556,0.179291451376071,0.352740243828494,-0.364545509861571,-0.0807972742327302,0.206623773681465,-0.134993776649345,0.0438857819592,-0.0585547893664047,-0.0852926020911954,-0.0229578067029633,-0.0826119994102947
"MeltingPtofAprime",-0.207009473272727,-0.0641287337968032,0.0429726597510294,0.0408323768377294,-0.0762554549456992,0.123721157549817,-0.193349595617167,0.0866095724358242,0.218106053448024,0.101893060112707,-0.00169338942133939,-0.0151572301711551,-0.0471298320284847,-0.107168090923248,-0.0323145570451063,-0.0473857695208453,-0.182141497024985,0.0651353857051412,-0.00391122005466055,-0.199077315447341,-0.0143260591740041,0.0211731482716772,-0.0211059414631057,-0.0506350719960006,-0.0670210981836666,0.0389466230291614,-0.0295092597271563,0.00401593739889035,0.229795258451108,-0.0933355689339492,0.00250435575657827,-0.0746328171760092,-0.0483362306154395,-0.0515394275335617,0.183499661461899,-0.165281847232125,-0.222615144423425,0.0968543121351095,0.16401875541237,0.00439317910948622,0.0225508096720862,-0.0608821633870765,0.0169487013998628,0.0157407328368295,-0.00693868521638727,0.177697172820907,0.297225778184873,0.00298723125823228,-0.179328349764987,-0.352812838180334,0.364620533750872,0.0808139024056022,-0.206666297094055,0.135021558525355,-0.0438948137040949,0.0585668400100595,0.0853101554077614,0.0229625314462453,0.0826290010557167
"MeltingPtofB",-0.110148721158713,0.0158659647830253,0.0632029678227189,0.184929441187838,-0.0568875353823198,-0.280919180177565,0.0931586438433158,0.199450532249411,-0.00573487253625407,0.14087987528471,0.0813405137357851,0.282238196224225,0.0295803483618605,-0.213365216343472,-0.0359130488323736,0.147561792327667,0.114800105380738,-0.0848617274506977,-0.00463339024216831,0.00890724444977845,0.0912246115960983,-0.0315103359665938,-0.336720128126981,-0.032774781662351,0.130901001515294,-0.0186464777412121,-0.155690545349938,0.00706583878011062,-0.0422070816065729,-0.228952673379936,0.00550869052119586,0.0182154554823354,-0.146065617941274,-0.0488389122220023,-0.0753717437150921,-0.00775603560243598,0.0201168240173007,0.250862988458224,-0.19561374501822,0.411465014269133,0.302710702009027,0.0681842298126817,0.0762335647225828,0.0120645384697113,1.50487261540988e-16,1.21078277612319e-16,3.46944695195361e-16,1.37747886014283e-16,6.54858112181245e-17,3.00974523081976e-16,-5.34294830600857e-16,3.46944695195361e-18,-9.54097911787244e-17,3.95516952522712e-16,1.59594559789866e-16,-6.07153216591882e-17,-5.11743425413158e-17,-4.16333634234434e-17,-5.77662917500277e-16
"MeltingPtofBprime",-0.0713065106485336,-0.0516700039181383,0.24717152884676,0.155545492266911,-0.121774080228325,0.0693850486028946,0.27926201807123,-0.0657474521877308,0.0148278679244176,-0.114699248968859,-0.0537181957839865,-0.0793006901402646,0.0443001173144677,-0.218111141057833,0.0680025543151173,-0.0347911535080395,0.00937832702567167,-0.0438343733638214,0.0534429339026533,0.0460771233909387,-0.0555180005917689,0.0804593581194679,0.0227133058747846,-0.0865691903941713,-0.0253110136841531,0.0678896327716568,0.168390315726255,0.157009789916434,-0.0578586106673063,-0.0748736265030101,0.148083525448249,-0.174278915249256,-0.107337504978506,-0.118482946966823,-0.0545034905645519,-0.0308278539947559,-0.0184002157060932,0.0554162893567783,-0.123876197340729,0.288923249695023,-0.592087074469011,-0.238085669856523,-0.202934733948562,-0.0535791138135969,-5.92841747915074e-16,5.82758667710959e-19,2.77555756156289e-17,-6.73289549113498e-17,-3.61689844741164e-16,-4.57099635919889e-16,5.82867087928207e-16,-4.562322741819e-16,1.76941794549634e-16,7.63278329429795e-17,-3.46944695195361e-18,3.07046055247895e-16,1.78676518025611e-16,-1.45716771982052e-16,4.57099635919889e-16
"SpecificHeatCapacityofA",0.0399082881309496,-0.113830415466319,-0.245967824687773,0.178498819048209,-0.00479601571632265,0.0388743717324997,0.00889950461806275,-0.0928157286447928,-0.265882428798194,-0.222633842634645,-0.0351696266890997,0.0299378909078403,0.184783819084705,0.0468920429987309,0.13869998565988,0.123598216162751,0.175972821441896,0.0495191756657897,-0.0454778812069921,0.0256377635805053,0.0363977901798525,0.0990962821795771,-0.0182127886215386,0.0724647909680434,-0.0207302054949249,0.0359835616495823,-0.0807127470690221,-0.0231430844913863,0.206438725980431,-0.0652242168164461,0.0315938822349911,-0.0152528996853331,-0.0589257064404273,-0.0771063985952681,0.0191210216982495,0.0207295681458676,-0.280662496997435,0.0697947745500164,0.0419718872529898,-0.036131229904756,-0.0175718192227062,-0.0135300282096234,0.0464963325526018,0.0177251067230558,-0.042042172798098,0.187771675713219,0.133029669825495,0.0180999265465862,-0.40891799536872,0.245060160871862,-0.103568673614406,-0.221412295605598,-0.123046860713298,-0.127339310401115,0.182837678552761,-0.0722162413731512,-0.128782272757631,0.176550901327282,0.141935454696476
"SpecificHeatCapacityofAprime",0.040090973855932,-0.113758253005646,-0.245681896485529,0.178015216979061,-0.0050827680263098,0.0390608891527086,0.00825571927981346,-0.0930801477507987,-0.266630803524331,-0.223178079539024,-0.035386596772605,0.0306065522553338,0.185077949887747,0.0465510681062268,0.138815383465183,0.123899076381915,0.17776481986565,0.0488215142836331,-0.046661290746874,0.0239466879705718,0.0376421291001154,0.0963283710285203,-0.0183654900815635,0.076219950895609,-0.022859626278344,0.0388517650011357,-0.08298337260054,-0.0192757253500795,0.211495346154253,-0.0635228601079478,0.0442956269196165,-0.0161446764449835,-0.0523420294659219,-0.0797160593542376,0.012697573146662,-0.220635077173175,-0.171977961128076,0.0466924681740875,0.0393781043014492,-0.0409962436253461,0.0138309137552545,0.00754259520363055,-0.0482204928490631,0.0172536920406411,0.0420144990126904,-0.187648077128441,-0.132942104547817,-0.018088012474364,0.408648829716735,-0.244898852788765,0.103500500704741,0.221266553462725,0.122965866506968,0.127255490738258,-0.182717327715888,0.0721687058479033,0.128697503281101,-0.176434688690513,-0.141842027286492
"SpecificHeatCapacityofB",0.0943812524991852,-0.100866961942432,-0.0490962631003514,-0.0623853965537949,-0.241308015098404,0.0760659663488624,-0.0522576156235749,-0.173306293488474,-0.176456365288369,0.169069980749041,-0.283830053347832,0.0953607171662796,0.304796674122048,0.217741816864372,0.00483072239174883,-0.250136953555633,-0.224458900445188,-0.223734856173849,0.143018362380744,-0.00708328024401439,0.102955273052326,-0.113519172563193,0.113344383140235,-0.332626826388194,-0.191876944764477,0.164816192360023,0.0469602684041027,-0.106915489028012,-0.117721302682686,-0.019164552791131,-0.196849785027501,-0.15577283272888,-0.141613601001002,-0.148232340213588,-0.0520085194422698,-0.0177792608541756,-0.00906011496449763,0.0636813953687693,-0.108037644464326,0.127024862506692,0.156095203865303,0.0183340810417579,0.031776685256306,0.00866309354924001,2.99239799605999e-17,-4.79217360238593e-17,2.15105711021124e-16,6.76542155630955e-17,1.86482773667507e-17,1.47451495458029e-16,-1.38777878078145e-16,-5.89805981832114e-17,-5.55111512312578e-17,1.42247325030098e-16,7.63278329429795e-17,-1.73472347597681e-17,9.0205620750794e-17,2.77555756156289e-16,-2.04697370165263e-16
"SpecificHeatCapacityofBprime",0.0735709801822399,-0.0620582601420931,-0.114570064752079,-0.108517903974721,-0.188900852624733,-0.230034060425631,-0.133529762052897,-0.020323156684458,0.138373997912521,-0.0956623325418923,0.0183068532939836,-0.166026091454067,0.234950911292692,-0.00918892298109237,-0.422361932631791,0.0818243594780537,-0.103317139416487,-0.182168522521774,-0.244465182934066,0.114771474306335,-0.312260727982501,0.266383065681992,0.0430737334991249,0.0348217803479651,-0.189201858383142,-0.112581771033645,-0.387231122817815,-0.0394736050945742,-0.164002069027234,-0.0571839063610121,0.171648969171846,-0.014307288619461,-0.0707726360162758,-0.000629089202268466,0.0375753066452534,-0.00194891107285008,0.00559694904175865,0.0119786054546376,-0.0220444925094376,0.00365607089624776,-0.0764598706078564,-0.0310735311889818,-0.0189772078554221,-0.00279074380225348,-1.18123826692296e-16,-2.49547764722378e-16,2.5283594662362e-16,6.5994030986477e-17,5.15809183559979e-17,-2.23345647532014e-17,2.23345647532014e-17,-6.70036942596042e-17,1.56992474575901e-16,1.07119174641568e-16,9.54097911787244e-17,1.74339709335669e-16,-2.93818788743572e-17,-2.41343403595273e-16,3.71339244076285e-17
"ThermalHeatConductivityofA",-0.0253085203990572,-0.0738868931917039,-0.196887757062726,0.0831543095058565,0.101503294215618,-0.0538744558559808,0.280935681653347,-0.0353203709020088,0.262316103072494,0.358927287828302,-0.0613052438242844,-0.204467016135724,0.148750834294752,0.148159948681331,0.145978723181097,0.0129933197277533,0.101198545287499,0.0896377623981938,-0.052928830590639,0.0139544628545184,-0.0569982940016727,0.0504999885523246,-0.053849222591593,-0.0222468284967894,0.0151630068698678,-0.0482615806429652,0.0186884268432127,-0.0106793269734156,-0.0736846820164034,0.027231987538196,-0.0387986731564828,-0.0135132566411081,-0.019782497685327,-0.00622776178885778,0.0349129752244084,0.342074098906122,-0.198262185396371,0.0626765132092372,0.0643370234380169,0.023004963906002,-0.1072654258799,-0.0928060155109672,0.400475832341487,0.00939112502853827,0.0517170963470321,0.0749229017921492,0.0132315284327201,-0.0222651585963317,-0.00812704119719978,0.0234848053271396,-0.010034299379278,0.232033483759231,0.113182310786906,0.160661486266916,0.136534916060478,0.0225828404421844,0.0638642816429411,-0.0176442778118836,-0.178600334849242
"ThermalHeatConductivityofAprime",-0.0245564588695661,-0.0737782424078477,-0.198437037138766,0.0802148829431964,0.101517373065374,-0.0541782716987523,0.27950003052208,-0.0336547243127623,0.261076701378746,0.36120778070017,-0.0581827970710345,-0.204279668010716,0.151781567689506,0.14914512272279,0.147924750865585,0.0106513501942022,0.109702765247995,0.0836423296052747,-0.0644505923844239,0.00523282408204763,-0.0468935299570997,0.0437820641384398,-0.0546671139689475,-0.00453910931994546,0.00134834410755919,-0.0373965650647662,0.0141059002268961,0.0112488555284989,-0.0648751571245699,0.0222423842470521,0.00346752118985631,-0.00820704442923881,-0.00669901933710953,-0.00337003829048476,0.0113172337708075,-0.389577743435647,0.134563526168908,-0.00934673760215104,0.0578852265866693,-0.0123832541272417,0.118246652675878,0.0584352597123637,-0.401385811828845,0.00227562009558276,-0.0513931882216577,-0.0744536539344502,-0.0131486583593163,0.0221257102070843,0.00807614091731212,-0.0233377181972416,0.00997145379569023,-0.230580240324128,-0.112473441327826,-0.159655251104608,-0.135679787450535,-0.0224414023872672,-0.063464294768066,0.0175337703520042,0.177481747307815
"ThermalHeatConductivityofB",0.0247000676707627,-0.060295380932271,0.0267163050623676,-0.021599790024438,-0.0650908302336433,-0.0238327438939485,-0.0458323833297958,-0.413183720528595,0.346931595266862,-0.100364653517193,0.0462563364719082,0.328089337936154,-0.242852613773946,0.149947985709438,0.341934234706387,0.213208426404991,-0.0841310716305379,-0.294158113734215,-0.441460678964934,0.0185453352102162,0.00512538510997638,-0.0422551002411256,0.0192769859675153,0.0901516141381062,-0.107908072992338,0.0739330306592424,0.0852301128639229,0.00889420725961403,-0.00663557843226351,-0.0381177290214292,-0.0124378739735493,-0.0231726555058825,-0.0486426744984189,0.0213340206709764,-0.0454423022982664,0.00133228314138484,-0.000264485018998875,-0.00307371233817777,-0.00632980309040597,0.0426462688176623,0.0111304268425238,0.00761273585365566,0.0122675890960695,0.00351250600180081,-3.00866102864727e-18,-2.80164617633832e-17,5.33427468862868e-17,4.34358495352005e-18,-4.63496428737553e-17,3.10949183068843e-16,1.82579645846559e-16,8.41340885848751e-17,1.66316613259276e-16,-3.48679418671338e-16,9.28077059647592e-17,-1.49619899803e-16,-1.1145598333151e-16,1.86699614102004e-16,3.1637019393127e-16
"ThermalHeatConductivityofBprime",0.00223135675178772,-0.060000565770722,0.0588436748656156,0.0278966499959679,-0.0340973335635614,-0.0457845767913507,0.0344541877328473,-0.422862960523352,0.349562737024972,-0.15646513627066,0.176991351085928,0.284660325759314,0.151188544734845,0.162341667010108,-0.25685354112555,0.14902445088255,0.105165030342794,0.307217476838503,0.493456209881063,-0.0483693712018532,-0.0264456307265586,-0.0729918298784507,0.0836282457573938,-0.113854323200271,0.12455148084789,-0.0565911329750854,-0.107686929527481,0.0111810209560956,0.0300658781649393,0.0470510025796465,-0.00413216240021456,-0.00349869859160759,0.0027103763858688,0.00057686519744201,-0.0229763061010151,-0.00276806421166442,-0.0125896865127196,0.0187646480497627,0.0016296614799228,0.00825869603362828,-0.00686705996545471,0.00918164622857022,-0.0182138967970324,0.00554427494874351,4.57099635919889e-16,1.80628081936085e-16,9.71445146547012e-17,-3.77302356024956e-17,1.04950770296597e-16,-3.46944695195361e-17,1.73472347597681e-16,2.77555756156289e-17,1.70002900645727e-16,-1.52655665885959e-16,-8.32667268468867e-17,-2.22044604925031e-16,6.93889390390723e-17,-6.93889390390723e-18,-6.93889390390723e-18
"ToleranceBVP",0.104160729526918,0.0184319362912859,0.256246659784949,0.0104532924790005,-0.0123944278277617,-0.255315294347702,-0.0398839912463405,-0.078530963698544,-0.0958268147118795,0.129998217228277,-0.112334694063916,-0.171293604548235,-0.00752260582780131,0.13824879224432,0.054544468087969,0.181787698549888,-0.147146025703602,0.112278395023481,-0.0152503500676102,-0.276824459519857,0.127690313687079,0.0943543491409564,0.0779806367375851,0.122663124098455,0.0797570048096642,0.0660778351051012,-0.12955062961388,0.0370452830741641,0.183248373236216,0.0211838143786963,0.0782638733982708,0.0248604243846025,-0.0350716491106104,-0.0625015879096096,-0.245657848805289,0.0312451642326299,0.0152595878719289,-0.106703798709324,-0.176532035504088,-0.0899472106525877,0.204163643731463,-0.577318260581649,-0.0404939902904038,-0.0751197784997702,2.16840434497101e-19,3.37119113007212e-17,4.25007251614318e-16,-1.45093355732873e-16,-4.01154803819637e-16,-3.19189119579733e-16,3.67761376907083e-16,1.38777878078145e-17,-1.64798730217797e-16,-1.38777878078145e-17,-3.46944695195361e-16,1.61329283265843e-16,-1.87350135405495e-16,2.68882138776405e-16,-1.5482407023093e-16
